{"cameraMode":{"drawMode":0,"name":"Shaded","section":"Shading Mode"},"sceneLighting":false,"audioPlay":false,"sceneViewState":{"m_AlwaysRefresh":false,"showFog":true,"showSkybox":false,"showFlares":true,"showImageEffects":true,"showParticleSystems":true,"showVisualEffectGraphs":true,"m_FxEnabled":true},"in2DMode":false,"pivot":{"x":-2.6318416595458986,"y":0.6747996807098389,"z":-2.114893913269043},"rotation":{"x":-0.1620909869670868,"y":0.10840519517660141,"z":-0.017915578559041024,"w":-0.9806450605392456},"size":0.7021631598472595,"orthographic":false}