{"cameraMode":{"drawMode":0,"name":"Shaded","section":"Shading Mode"},"sceneLighting":true,"audioPlay":false,"sceneViewState":{"m_AlwaysRefresh":false,"showFog":true,"showSkybox":true,"showFlares":true,"showImageEffects":true,"showParticleSystems":true,"showVisualEffectGraphs":true,"m_FxEnabled":true},"in2DMode":false,"pivot":{"x":-0.990182638168335,"y":1.3837411403656006,"z":0.5085268020629883},"rotation":{"x":-0.021307239308953286,"y":-0.0009026765474118292,"z":0.000022087404431658797,"w":-0.9997794032096863},"size":5.4200921058654789,"orthographic":false}