{"cameraMode":{"drawMode":0,"name":"Shaded","section":"Shading Mode"},"sceneLighting":false,"audioPlay":false,"sceneViewState":{"m_AlwaysRefresh":false,"showFog":true,"showSkybox":false,"showFlares":true,"showImageEffects":true,"showParticleSystems":true,"showVisualEffectGraphs":true,"m_FxEnabled":true},"in2DMode":false,"pivot":{"x":-2.6318416595458986,"y":0.6747996807098389,"z":-2.114893913269043},"rotation":{"x":-0.004668014589697123,"y":0.8019546866416931,"z":-0.006260146386921406,"w":-0.5973381996154785},"size":0.7021631598472595,"orthographic":false}