{"cameraMode":{"drawMode":0,"name":"Shaded","section":"Shading Mode"},"sceneLighting":false,"audioPlay":false,"sceneViewState":{"m_AlwaysRefresh":false,"showFog":true,"showSkybox":false,"showFlares":true,"showImageEffects":true,"showParticleSystems":true,"showVisualEffectGraphs":true,"m_FxEnabled":true},"in2DMode":false,"pivot":{"x":-3.5674984455108644,"y":0.7268701791763306,"z":-1.1829899549484254},"rotation":{"x":-0.004668014589697123,"y":0.8019546866416931,"z":-0.006260146386921406,"w":-0.5973381996154785},"size":1.5349647998809815,"orthographic":false}