{"cameraMode":{"drawMode":0,"name":"Shaded","section":"Shading Mode"},"sceneLighting":false,"audioPlay":false,"sceneViewState":{"m_AlwaysRefresh":false,"showFog":true,"showSkybox":false,"showFlares":true,"showImageEffects":true,"showParticleSystems":true,"showVisualEffectGraphs":true,"m_FxEnabled":true},"in2DMode":false,"pivot":{"x":-2.4961585998535158,"y":0.37750017642974856,"z":-2.4003987312316896},"rotation":{"x":-0.004668014589697123,"y":0.8019546866416931,"z":-0.006260146386921406,"w":-0.5973381996154785},"size":0.6349648237228394,"orthographic":false}