{"cameraMode":{"drawMode":0,"name":"Shaded","section":"Shading Mode"},"sceneLighting":false,"audioPlay":false,"sceneViewState":{"m_AlwaysRefresh":false,"showFog":true,"showSkybox":false,"showFlares":true,"showImageEffects":true,"showParticleSystems":true,"showVisualEffectGraphs":true,"m_FxEnabled":true},"in2DMode":false,"pivot":{"x":2.3734006881713869,"y":1.0248513221740723,"z":-1.1100534200668336},"rotation":{"x":-0.16981500387191773,"y":0.37562286853790285,"z":-0.07021714001893997,"w":-0.9083781242370606},"size":0.08660247176885605,"orthographic":false}